"","X.1","X","Custom.study.tncs.accepted.at","Started.at","Completed.at","Reviewed.at","Archived.at","Time.taken","Completion.code","Total.approvals","Fluent.languages","Age","Sex","Ethnicity.simplified","Country.of.birth","Country.of.residence","Nationality","Language","Student.status","Employment.status","id","submitdate","lastpage","startlanguage","startdate","datestamp","infotext","isconsent","Zwischentext","UIS01.UIS18001.","UIS01.UIS18002.","UIS01.UIS18003.","UIS01.UIS18004.","UIS01.UIS18005.","UIS01.UIS18006.","UIS01.UIS18007.","UIS01.UIS18008.","UIS01.UIS18009.","UIS01.UIS18010.","UIS01.UIS18011.","UIS01.UIS18012.","UIS01.UIS18013.","UIS01.UIS18014.","UIS01.UIS18015.","UIS01.UIS18016.","UIS01.UIS18017.","UIS01.UIS18018.","DERS1.ders1.","DERS1.ders2.","DERS1.ders3.","DERS1.ders4.","DERS1.ders5.","DERS1.ders6.","DERS1.ders7.","DERS1.ders8.","DERS1.ders9.","DERS1.ders10.","DERS1.ders11.","DERS1.ders12.","DERS1.ders13.","DERS1.ders14.","DERS1.ders15.","DERS1.ders16.","DERS1.ders17.","DERS1.ders18.","DERS1.ders19.","DERS1.ders20.","DERS1.ders21.","DERS1.ders22.","DERS1.ders23.","DERS1.ders24.","DERS1.ders25.","DERS1.ders26.","DERS1.ders27.","DERS1.ders28.","DERS1.ders29.","DERS1.ders30.","DERS1.ders31.","DERS1.ders32.","DERS1.ders33.","DERS1.ders34.","DERS1.ders35.","DERS1.ders36.","labweiter","interviewtime","groupTime4854","infotextTime","isconsentTime","prolificidTime","studyidTime","sessionidTime","groupTime5063","prolificidmanualTime","groupTime4857","ZwischentextTime","groupTime4847","UIS01Time","groupTime4859","DERS1Time","groupTime4858","labweiterTime","DERS_GESAMT","DERS_K","DERS_A","DERS_I","DERS_N","DERS_V","DERS_S","UIS_B","UIS_A","UIS_C","UIS_GESAMT","participant_id"
"1",1,1,"Not Applicable","ANONYMIZED","ANONYMIZED","ANONYMIZED","ANONYMIZED",3095,"ANONYMIZED","ANONYMIZED","ANONYMIZED",999,"ANONYMIZED","ANONYMIZED","ANONYMIZED","Germany","ANONYMIZED","ANONYMIZED","ANONYMIZED","ANONYMIZED",160,"ANONYMIZED",5,"de","ANONYMIZED","ANONYMIZED",NA,"A1",NA,2,3,2,4,4,2,2,1,2,2,2,4,1,3,2,1,2,3,2,3,1,2,2,3,2,3,1,3,3,2,5,2,2,2,3,5,1,5,2,3,2,2,2,5,2,3,2,2,3,1,5,4,3,1,NA,752,285.97,NA,NA,NA,NA,NA,NA,NA,22.94,NA,137.81,NA,286.74,NA,18.54,NA,94,9,19,9,13,25,19,13,10,19,42,23
"2",2,2,"Not Applicable","ANONYMIZED","ANONYMIZED","ANONYMIZED","ANONYMIZED",4986,"ANONYMIZED","ANONYMIZED","ANONYMIZED",999,"ANONYMIZED","ANONYMIZED","ANONYMIZED","Germany","ANONYMIZED","ANONYMIZED","ANONYMIZED","ANONYMIZED",162,"ANONYMIZED",5,"de","ANONYMIZED","ANONYMIZED",NA,"A1",NA,2,2,1,3,3,2,4,3,3,4,2,1,3,2,2,1,2,4,2,4,1,3,1,5,4,5,1,5,2,2,3,1,3,3,4,3,1,3,2,4,4,2,1,2,1,2,1,1,1,1,1,5,1,1,NA,736.37,321.6,NA,NA,NA,NA,NA,NA,NA,21.94,NA,129.26,NA,242.67,NA,20.9,NA,86,11,28,7,12,12,16,12,19,13,44,25
"3",3,3,"Not Applicable","ANONYMIZED","ANONYMIZED","ANONYMIZED","ANONYMIZED",4009,"ANONYMIZED","ANONYMIZED","ANONYMIZED",999,"ANONYMIZED","ANONYMIZED","ANONYMIZED","Germany","ANONYMIZED","ANONYMIZED","ANONYMIZED","ANONYMIZED",161,"ANONYMIZED",5,"de","ANONYMIZED","ANONYMIZED",NA,"A1",NA,2,4,5,5,5,5,3,4,2,2,5,4,3,5,5,2,2,2,2,2,3,1,1,2,2,1,3,2,5,5,5,4,3,3,2,4,4,2,5,2,4,3,4,4,3,3,5,4,4,3,3,2,3,5,NA,493.7,50.61,NA,NA,NA,NA,NA,NA,NA,3.89,NA,123.81,NA,311.91,NA,3.48,NA,113,9,11,20,28,18,27,17,19,29,65,24
"4",4,4,"Not Applicable","ANONYMIZED","ANONYMIZED","ANONYMIZED","ANONYMIZED",1845,"ANONYMIZED","ANONYMIZED","ANONYMIZED",999,"ANONYMIZED","ANONYMIZED","ANONYMIZED","Germany","ANONYMIZED","ANONYMIZED","ANONYMIZED","ANONYMIZED",164,"ANONYMIZED",5,"de","ANONYMIZED","ANONYMIZED",NA,"A1",NA,2,2,2,3,3,2,3,1,2,3,3,2,3,3,2,4,3,2,4,2,4,3,3,2,4,2,3,3,3,2,4,4,4,3,2,4,4,3,3,2,4,4,2,4,4,3,2,4,3,4,4,4,3,4,NA,214.62,35.27,NA,NA,NA,NA,NA,NA,NA,1.78,NA,62.02,NA,113.24,NA,2.31,NA,117,17,15,24,16,19,26,15,14,16,45,26
"5",5,5,"Not Applicable","ANONYMIZED","ANONYMIZED","ANONYMIZED","ANONYMIZED",1823,"ANONYMIZED","ANONYMIZED","ANONYMIZED",999,"ANONYMIZED","ANONYMIZED","ANONYMIZED","Germany","ANONYMIZED","ANONYMIZED","ANONYMIZED","ANONYMIZED",165,"ANONYMIZED",5,"de","ANONYMIZED","ANONYMIZED",NA,"A1",NA,4,3,4,4,3,3,3,4,3,3,5,4,3,2,3,3,3,2,3,2,2,3,4,2,3,2,4,3,3,4,3,2,2,3,3,4,3,4,4,3,4,3,4,3,3,5,4,4,3,2,2,4,3,3,NA,203.03,41.18,NA,NA,NA,NA,NA,NA,NA,14.17,NA,39.91,NA,95.63,NA,12.14,NA,113,17,16,15,23,16,26,19,19,21,59,27
"6",6,6,"Not Applicable","ANONYMIZED","ANONYMIZED","ANONYMIZED","ANONYMIZED",2941,"ANONYMIZED","ANONYMIZED","ANONYMIZED",999,"ANONYMIZED","ANONYMIZED","ANONYMIZED","Germany","ANONYMIZED","ANONYMIZED","ANONYMIZED","ANONYMIZED",166,"ANONYMIZED",5,"de","ANONYMIZED","ANONYMIZED",NA,"A1",NA,3,4,4,5,4,3,4,2,3,2,3,2,2,4,2,1,3,2,2,1,2,2,1,1,2,2,2,2,2,2,2,2,1,1,2,2,2,2,1,2,2,5,2,2,2,1,2,1,1,2,1,2,1,2,NA,285.69,17.62,NA,NA,NA,NA,NA,NA,NA,33.78,NA,75.68,NA,146.66,NA,11.95,NA,64,9,10,15,11,9,10,17,15,21,53,28
"7",7,7,"Not Applicable","ANONYMIZED","ANONYMIZED","ANONYMIZED","ANONYMIZED",675,"ANONYMIZED","ANONYMIZED","ANONYMIZED",999,"ANONYMIZED","ANONYMIZED","ANONYMIZED","Germany","ANONYMIZED","ANONYMIZED","ANONYMIZED","ANONYMIZED",167,"ANONYMIZED",5,"de","ANONYMIZED","ANONYMIZED",NA,"A1",NA,2,3,3,3,3,3,3,2,3,3,2,3,2,3,1,3,2,1,2,2,2,1,1,2,2,2,2,2,1,1,5,3,2,2,2,4,3,3,1,2,1,3,2,4,2,1,1,1,3,1,4,4,2,1,NA,138.59,11.29,NA,NA,NA,NA,NA,NA,NA,1.51,NA,45.42,NA,78.98,NA,1.39,NA,77,8,14,14,7,20,14,14,14,17,45,29
"8",8,8,"Not Applicable","ANONYMIZED","ANONYMIZED","ANONYMIZED","ANONYMIZED",2101,"ANONYMIZED","ANONYMIZED","ANONYMIZED",999,"ANONYMIZED","ANONYMIZED","ANONYMIZED","Germany","ANONYMIZED","ANONYMIZED","ANONYMIZED","ANONYMIZED",176,"ANONYMIZED",5,"de","ANONYMIZED","ANONYMIZED",NA,"A1",NA,3,3,4,3,2,2,1,1,1,2,1,1,1,2,1,2,2,1,2,2,2,2,2,3,3,3,2,4,3,4,5,2,3,3,4,5,3,4,4,4,3,4,4,5,2,3,2,2,4,2,5,3,3,4,NA,378.33,17.36,NA,NA,NA,NA,NA,NA,NA,3.6,NA,166.39,NA,181.03,NA,9.95,NA,115,11,19,15,20,24,26,15,7,11,33,30
"9",9,9,"Not Applicable","ANONYMIZED","ANONYMIZED","ANONYMIZED","ANONYMIZED",2174,"ANONYMIZED","ANONYMIZED","ANONYMIZED",999,"ANONYMIZED","ANONYMIZED","ANONYMIZED","Germany","ANONYMIZED","ANONYMIZED","ANONYMIZED","ANONYMIZED",3,"ANONYMIZED",6,"de","ANONYMIZED","ANONYMIZED",NA,"A1",NA,1,2,2,3,3,5,2,4,2,2,1,1,2,4,1,2,2,2,2,4,2,1,2,4,3,3,1,1,3,1,2,2,3,3,2,3,2,3,1,2,2,2,1,2,2,1,3,2,2,2,3,2,3,3,NA,260.37,78.59,NA,NA,NA,NA,NA,3.6,NA,5.01,NA,54.58,NA,110.81,NA,7.78,NA,80,9,16,12,11,13,19,11,13,17,41,41
"10",10,11,"Not Applicable","ANONYMIZED","ANONYMIZED","ANONYMIZED","ANONYMIZED",3150,"ANONYMIZED","ANONYMIZED","ANONYMIZED",999,"ANONYMIZED","ANONYMIZED","ANONYMIZED","Germany","ANONYMIZED","ANONYMIZED","ANONYMIZED","ANONYMIZED",5,"ANONYMIZED",6,"de","ANONYMIZED","ANONYMIZED",NA,"A1",NA,2,4,3,3,2,3,2,1,1,2,3,2,2,3,4,3,4,3,2,3,3,1,2,2,2,4,1,1,2,1,4,3,3,4,2,3,3,3,1,2,2,4,1,4,2,3,2,1,4,3,5,4,3,4,NA,697,226.45,NA,NA,NA,NA,NA,5.96,NA,16.05,NA,112.24,NA,210.18,NA,126.12,NA,94,8,16,18,9,19,24,19,12,16,47,60
"11",11,12,"Not Applicable","ANONYMIZED","ANONYMIZED","ANONYMIZED","ANONYMIZED",2891,"ANONYMIZED","ANONYMIZED","ANONYMIZED",999,"ANONYMIZED","ANONYMIZED","ANONYMIZED","Germany","ANONYMIZED","ANONYMIZED","ANONYMIZED","ANONYMIZED",6,"ANONYMIZED",6,"de","ANONYMIZED","ANONYMIZED",NA,"A1",NA,2,2,2,3,3,2,2,4,4,4,3,1,5,4,4,2,3,3,3,4,1,3,2,4,4,5,2,2,1,2,3,1,2,2,3,3,2,2,2,2,1,3,2,4,3,2,2,2,2,3,2,4,2,3,NA,436.67,91.49,NA,NA,NA,NA,NA,6.9,NA,18.83,NA,102.45,NA,191.9,NA,25.1,NA,90,14,22,13,10,14,17,14,23,16,53,66
"12",12,13,"Not Applicable","ANONYMIZED","ANONYMIZED","ANONYMIZED","ANONYMIZED",1942,"ANONYMIZED","ANONYMIZED","ANONYMIZED",999,"ANONYMIZED","ANONYMIZED","ANONYMIZED","Germany","ANONYMIZED","ANONYMIZED","ANONYMIZED","ANONYMIZED",7,"ANONYMIZED",6,"de","ANONYMIZED","ANONYMIZED",NA,"A1",NA,5,4,3,4,5,5,2,2,3,4,4,2,2,4,4,3,3,4,2,2,4,2,2,1,2,1,4,2,4,3,3,3,2,4,2,4,4,2,4,2,4,2,4,4,4,4,4,3,4,4,3,4,3,4,NA,294.97,6.67,NA,NA,NA,NA,NA,6.65,NA,14.1,NA,167.04,NA,88.98,NA,11.53,NA,110,12,12,21,23,16,26,22,17,24,63,75
"13",13,14,"Not Applicable","ANONYMIZED","ANONYMIZED","ANONYMIZED","ANONYMIZED",1927,"ANONYMIZED","ANONYMIZED","ANONYMIZED",999,"ANONYMIZED","ANONYMIZED","ANONYMIZED","Germany","ANONYMIZED","ANONYMIZED","ANONYMIZED","ANONYMIZED",8,"ANONYMIZED",6,"de","ANONYMIZED","ANONYMIZED",NA,"A1",NA,1,3,2,2,2,4,2,4,3,3,2,3,4,2,5,1,3,1,4,4,3,2,4,4,4,2,4,3,2,3,1,3,1,2,4,3,2,2,1,3,1,2,2,2,2,1,3,2,3,1,2,3,1,2,NA,821.5,173.96,NA,NA,NA,NA,NA,5.01,NA,128.47,NA,151.37,NA,338.75,NA,23.94,NA,88,18,20,13,12,10,15,11,21,15,47,86
"14",14,15,"Not Applicable","ANONYMIZED","ANONYMIZED","ANONYMIZED","ANONYMIZED",1348,"ANONYMIZED","ANONYMIZED","ANONYMIZED",999,"ANONYMIZED","ANONYMIZED","ANONYMIZED","Germany","ANONYMIZED","ANONYMIZED","ANONYMIZED","ANONYMIZED",9,"ANONYMIZED",6,"de","ANONYMIZED","ANONYMIZED",NA,"A1",NA,4,4,4,4,4,5,5,3,2,4,4,4,3,3,5,5,5,5,4,4,4,2,2,3,3,3,4,5,5,1,5,4,3,5,4,5,4,4,1,2,5,4,2,5,3,2,5,2,2,3,5,4,3,3,NA,317.56,58.41,NA,NA,NA,NA,NA,6.13,NA,6.54,NA,69.52,NA,163,NA,13.96,NA,125,15,23,22,19,24,22,27,22,24,73,94
"15",15,16,"Not Applicable","ANONYMIZED","ANONYMIZED","ANONYMIZED","ANONYMIZED",1581,"ANONYMIZED","ANONYMIZED","ANONYMIZED",999,"ANONYMIZED","ANONYMIZED","ANONYMIZED","Germany","ANONYMIZED","ANONYMIZED","ANONYMIZED","ANONYMIZED",10,"ANONYMIZED",6,"de","ANONYMIZED","ANONYMIZED",NA,"A1",NA,4,3,3,4,3,3,4,4,3,4,4,3,4,4,4,4,4,3,2,2,4,4,2,3,3,3,3,2,4,4,4,4,4,4,2,3,4,3,4,3,4,3,3,3,3,3,4,3,3,3,3,2,3,4,NA,419.58,185.96,NA,NA,NA,NA,NA,10.07,NA,19.99,NA,64.32,NA,110.06,NA,29.18,NA,115,14,14,21,23,16,27,21,23,21,65,1
"16",16,17,"Not Applicable","ANONYMIZED","ANONYMIZED","ANONYMIZED","ANONYMIZED",3335,"ANONYMIZED","ANONYMIZED","ANONYMIZED",999,"ANONYMIZED","ANONYMIZED","ANONYMIZED","Germany","ANONYMIZED","ANONYMIZED","ANONYMIZED","ANONYMIZED",13,"ANONYMIZED",6,"de","ANONYMIZED","ANONYMIZED",NA,"A1",NA,4,5,5,4,4,4,5,3,4,4,4,4,4,4,4,4,5,5,3,3,2,2,2,4,4,4,3,3,3,2,2,1,2,2,4,2,1,3,2,3,2,3,2,2,1,1,2,1,1,1,1,4,3,3,NA,1544.34,1220.58,NA,NA,NA,NA,NA,9.94,NA,27.54,NA,85.16,NA,178.63,NA,22.49,NA,84,14,22,9,13,10,16,28,24,24,76,18
"17",17,18,"Not Applicable","ANONYMIZED","ANONYMIZED","ANONYMIZED","ANONYMIZED",3404,"ANONYMIZED","ANONYMIZED","ANONYMIZED",999,"ANONYMIZED","ANONYMIZED","ANONYMIZED","Germany","ANONYMIZED","ANONYMIZED","ANONYMIZED","ANONYMIZED",12,"ANONYMIZED",6,"de","ANONYMIZED","ANONYMIZED",NA,"A1",NA,2,1,1,2,3,4,1,1,2,2,2,1,2,3,2,1,1,2,1,1,3,2,2,1,2,1,2,2,1,1,2,3,1,1,2,2,2,2,1,1,1,1,1,2,2,1,1,1,1,1,1,2,2,1,NA,499.72,18.68,NA,NA,NA,NA,NA,83.08,NA,3.45,NA,126.9,NA,260.14,NA,7.47,NA,54,9,9,12,6,9,9,8,10,15,33,17
"18",18,19,"Not Applicable","ANONYMIZED","ANONYMIZED","ANONYMIZED","ANONYMIZED",3808,"ANONYMIZED","ANONYMIZED","ANONYMIZED",999,"ANONYMIZED","ANONYMIZED","ANONYMIZED","Germany","ANONYMIZED","ANONYMIZED","ANONYMIZED","ANONYMIZED",14,"ANONYMIZED",6,"de","ANONYMIZED","ANONYMIZED",NA,"A1",NA,3,4,3,5,4,3,2,2,2,2,4,3,2,3,2,2,2,4,2,3,2,1,1,3,2,3,2,2,2,2,2,1,2,2,3,3,1,3,2,3,3,2,2,3,2,2,2,1,3,1,2,5,3,3,NA,486.58,19.45,NA,NA,NA,NA,NA,15.37,NA,21.06,NA,116.25,NA,291.94,NA,22.51,NA,81,8,19,9,13,13,19,18,12,22,52,19
"19",19,20,"Not Applicable","ANONYMIZED","ANONYMIZED","ANONYMIZED","ANONYMIZED",1164,"ANONYMIZED","ANONYMIZED","ANONYMIZED",999,"ANONYMIZED","ANONYMIZED","ANONYMIZED","Germany","ANONYMIZED","ANONYMIZED","ANONYMIZED","ANONYMIZED",15,"ANONYMIZED",6,"de","ANONYMIZED","ANONYMIZED",NA,"A1",NA,3,3,3,3,2,2,2,2,2,3,2,2,2,2,2,3,3,2,2,2,2,2,2,2,3,3,2,4,3,3,3,3,3,3,3,3,3,3,2,3,3,4,2,3,3,3,2,2,2,3,3,4,2,2,NA,243.11,39.69,NA,NA,NA,NA,NA,13.52,NA,4.11,NA,70.01,NA,104.63,NA,11.15,NA,97,11,18,18,15,15,20,17,13,13,43,20
"20",20,21,"Not Applicable","ANONYMIZED","ANONYMIZED","ANONYMIZED","ANONYMIZED",2847,"ANONYMIZED","ANONYMIZED","ANONYMIZED",999,"ANONYMIZED","ANONYMIZED","ANONYMIZED","Germany","ANONYMIZED","ANONYMIZED","ANONYMIZED","ANONYMIZED",50,"ANONYMIZED",6,"de","ANONYMIZED","ANONYMIZED",NA,"A1",NA,3,2,2,2,2,2,3,3,2,2,3,3,3,2,3,3,2,2,2,3,4,1,2,4,4,3,2,4,2,2,2,2,2,2,4,1,1,5,1,5,1,4,2,2,3,2,1,2,2,1,2,4,2,2,NA,106.03,4.85,NA,NA,NA,NA,NA,9.3,NA,1.97,NA,22,NA,40.02,NA,27.89,NA,88,11,22,15,9,12,19,14,16,14,44,61
"21",21,22,"Not Applicable","ANONYMIZED","ANONYMIZED","ANONYMIZED","ANONYMIZED",4609,"ANONYMIZED","ANONYMIZED","ANONYMIZED",999,"ANONYMIZED","ANONYMIZED","ANONYMIZED","Germany","ANONYMIZED","ANONYMIZED","ANONYMIZED","ANONYMIZED",42,"ANONYMIZED",6,"de","ANONYMIZED","ANONYMIZED",NA,"A1",NA,2,2,3,3,4,4,3,3,3,3,2,1,2,2,2,2,2,2,3,3,2,1,1,3,3,4,1,4,3,3,3,1,4,3,4,3,1,4,3,4,3,1,3,3,1,3,3,3,3,1,2,4,4,2,NA,634.19,194.42,NA,NA,NA,NA,NA,10.36,NA,22.62,NA,92.59,NA,300.11,NA,14.09,NA,97,9,22,7,18,15,26,13,16,16,45,53
"22",22,23,"Not Applicable","ANONYMIZED","ANONYMIZED","ANONYMIZED","ANONYMIZED",3308,"ANONYMIZED","ANONYMIZED","ANONYMIZED",999,"ANONYMIZED","ANONYMIZED","ANONYMIZED","Germany","ANONYMIZED","ANONYMIZED","ANONYMIZED","ANONYMIZED",34,"ANONYMIZED",6,"de","ANONYMIZED","ANONYMIZED",NA,"A1",NA,1,3,2,3,4,2,2,1,1,3,4,1,5,2,3,4,1,1,4,3,1,2,4,2,4,1,1,1,2,1,4,1,5,5,2,4,1,4,1,5,3,2,1,4,1,5,2,5,4,1,3,4,4,3,NA,503.07,184.45,NA,NA,NA,NA,NA,14.74,NA,14.16,NA,104.02,NA,170.85,NA,14.85,NA,100,15,13,7,10,19,36,12,15,16,43,46
"23",23,24,"Not Applicable","ANONYMIZED","ANONYMIZED","ANONYMIZED","ANONYMIZED",2229,"ANONYMIZED","ANONYMIZED","ANONYMIZED",999,"ANONYMIZED","ANONYMIZED","ANONYMIZED","Germany","ANONYMIZED","ANONYMIZED","ANONYMIZED","ANONYMIZED",22,"ANONYMIZED",6,"de","ANONYMIZED","ANONYMIZED",NA,"A1",NA,2,4,4,5,4,3,2,1,2,3,2,2,3,4,2,4,4,3,2,1,3,1,1,2,2,2,2,2,5,4,4,2,3,4,3,4,3,3,4,3,5,2,3,3,1,2,4,4,3,1,3,3,3,3,NA,250.05,27.26,NA,NA,NA,NA,NA,4.6,NA,7.15,NA,55.44,NA,142.66,NA,12.94,NA,100,8,13,12,25,17,25,21,13,20,54,33
"24",24,25,"Not Applicable","ANONYMIZED","ANONYMIZED","ANONYMIZED","ANONYMIZED",1579,"ANONYMIZED","ANONYMIZED","ANONYMIZED",999,"ANONYMIZED","ANONYMIZED","ANONYMIZED","Germany","ANONYMIZED","ANONYMIZED","ANONYMIZED","ANONYMIZED",21,"ANONYMIZED",6,"de","ANONYMIZED","ANONYMIZED",NA,"A1",NA,3,3,3,4,4,2,2,2,2,2,5,2,2,3,3,2,4,3,2,2,3,2,2,2,4,2,3,3,4,3,3,2,3,3,4,4,3,2,1,3,4,4,1,3,4,3,4,3,3,2,3,2,3,4,NA,286.38,14.43,NA,NA,NA,NA,NA,4.58,NA,4.98,NA,81.54,NA,139.73,NA,41.12,NA,103,13,15,18,17,15,25,18,13,20,51,32
"25",25,26,"Not Applicable","ANONYMIZED","ANONYMIZED","ANONYMIZED","ANONYMIZED",2632,"ANONYMIZED","ANONYMIZED","ANONYMIZED",999,"ANONYMIZED","ANONYMIZED","ANONYMIZED","Germany","ANONYMIZED","ANONYMIZED","ANONYMIZED","ANONYMIZED",20,"ANONYMIZED",6,"de","ANONYMIZED","ANONYMIZED",NA,"A1",NA,3,4,2,4,3,5,3,1,5,5,4,2,5,2,5,5,5,5,5,4,4,3,4,4,4,2,4,2,5,3,5,5,5,5,1,5,5,2,3,5,4,2,1,5,5,5,5,5,5,5,5,2,3,4,NA,290.23,77.37,NA,NA,NA,NA,NA,9.84,NA,10.85,NA,65.08,NA,111.12,NA,15.97,NA,141,20,15,26,21,22,37,24,24,20,68,31
"26",26,27,"Not Applicable","ANONYMIZED","ANONYMIZED","ANONYMIZED","ANONYMIZED",3819,"ANONYMIZED","ANONYMIZED","ANONYMIZED",999,"ANONYMIZED","ANONYMIZED","ANONYMIZED","Germany","ANONYMIZED","ANONYMIZED","ANONYMIZED","ANONYMIZED",25,"ANONYMIZED",6,"de","ANONYMIZED","ANONYMIZED",NA,"A1",NA,2,3,2,3,3,2,2,3,3,3,4,3,2,3,4,5,4,5,3,4,1,4,4,4,4,3,4,4,5,4,5,1,2,3,5,5,1,4,3,4,4,4,4,3,2,2,4,4,2,1,5,3,3,2,NA,538.2,116.88,NA,NA,NA,NA,NA,7.39,NA,23.62,NA,108.8,NA,263.45,NA,18.06,NA,120,19,23,10,24,22,22,21,17,18,56,36
"27",27,28,"Not Applicable","ANONYMIZED","ANONYMIZED","ANONYMIZED","ANONYMIZED",3323,"ANONYMIZED","ANONYMIZED","ANONYMIZED",999,"ANONYMIZED","ANONYMIZED","ANONYMIZED","Germany","ANONYMIZED","ANONYMIZED","ANONYMIZED","ANONYMIZED",26,"ANONYMIZED",6,"de","ANONYMIZED","ANONYMIZED",NA,"A1",NA,4,4,2,2,4,4,3,4,2,4,3,2,2,4,4,4,4,4,2,2,2,2,2,2,2,2,2,2,2,2,4,3,4,3,2,4,3,4,3,2,4,3,3,4,3,4,4,4,3,3,4,4,4,3,NA,281.06,26.49,NA,NA,NA,NA,NA,11.1,NA,15.54,NA,83.69,NA,117.63,NA,26.61,NA,106,10,14,17,18,20,27,22,19,19,60,37
"28",28,29,"Not Applicable","ANONYMIZED","ANONYMIZED","ANONYMIZED","ANONYMIZED",2324,"ANONYMIZED","ANONYMIZED","ANONYMIZED",999,"ANONYMIZED","ANONYMIZED","ANONYMIZED","Germany","ANONYMIZED","ANONYMIZED","ANONYMIZED","ANONYMIZED",23,"ANONYMIZED",6,"de","ANONYMIZED","ANONYMIZED",NA,"A1",NA,1,4,3,2,4,3,2,2,2,2,4,3,1,4,3,1,2,2,2,3,2,1,2,3,2,4,1,3,2,1,3,1,3,3,4,4,1,3,1,3,3,2,1,2,1,3,3,3,3,1,2,4,4,3,NA,422.58,55.36,NA,NA,NA,NA,NA,3.62,NA,18.3,NA,110.29,NA,221.47,NA,13.54,NA,87,8,21,8,11,14,25,13,12,20,45,34
"29",29,30,"Not Applicable","ANONYMIZED","ANONYMIZED","ANONYMIZED","ANONYMIZED",1614,"ANONYMIZED","ANONYMIZED","ANONYMIZED",999,"ANONYMIZED","ANONYMIZED","ANONYMIZED","Germany","ANONYMIZED","ANONYMIZED","ANONYMIZED","ANONYMIZED",24,"ANONYMIZED",6,"de","ANONYMIZED","ANONYMIZED",NA,"A1",NA,5,5,5,5,5,5,5,5,5,5,4,2,5,5,2,5,5,5,2,2,2,1,1,2,2,1,1,1,2,1,5,2,3,3,2,5,1,3,1,1,1,5,1,5,3,1,1,1,4,1,4,2,2,4,NA,374.33,51.71,NA,NA,NA,NA,NA,4.07,NA,125.83,NA,52.11,NA,128.46,NA,12.15,NA,79,7,10,14,7,22,19,30,27,26,83,35
"30",30,31,"Not Applicable","ANONYMIZED","ANONYMIZED","ANONYMIZED","ANONYMIZED",2616,"ANONYMIZED","ANONYMIZED","ANONYMIZED",999,"ANONYMIZED","ANONYMIZED","ANONYMIZED","Germany","ANONYMIZED","ANONYMIZED","ANONYMIZED","ANONYMIZED",27,"ANONYMIZED",6,"de","ANONYMIZED","ANONYMIZED",NA,"A1",NA,4,3,2,5,5,3,2,1,2,3,5,3,2,3,3,2,4,5,2,4,1,2,3,4,4,1,1,3,1,1,2,1,2,1,2,3,1,3,1,5,1,1,1,2,1,5,1,2,5,1,4,3,1,1,NA,359.68,50.37,NA,NA,NA,NA,NA,3.5,NA,14.79,NA,87.9,NA,183.97,NA,19.15,NA,77,12,17,6,6,14,22,20,13,24,57,38
"31",31,32,"Not Applicable","ANONYMIZED","ANONYMIZED","ANONYMIZED","ANONYMIZED",2048,"ANONYMIZED","ANONYMIZED","ANONYMIZED",999,"ANONYMIZED","ANONYMIZED","ANONYMIZED","Germany","ANONYMIZED","ANONYMIZED","ANONYMIZED","ANONYMIZED",29,"ANONYMIZED",6,"de","ANONYMIZED","ANONYMIZED",NA,"A1",NA,4,5,5,5,4,5,4,1,3,4,3,3,4,5,2,3,3,3,4,3,5,4,5,3,4,3,5,3,3,2,2,4,5,5,4,4,4,3,4,5,4,4,4,4,2,2,4,4,3,4,5,3,4,4,NA,473.14,24.03,NA,NA,NA,NA,NA,12.77,NA,47.98,NA,101.13,NA,277.17,NA,10.06,NA,135,22,19,23,21,18,32,23,18,25,66,40
"32",32,33,"Not Applicable","ANONYMIZED","ANONYMIZED","ANONYMIZED","ANONYMIZED",3046,"ANONYMIZED","ANONYMIZED","ANONYMIZED",999,"ANONYMIZED","ANONYMIZED","ANONYMIZED","Germany","ANONYMIZED","ANONYMIZED","ANONYMIZED","ANONYMIZED",28,"ANONYMIZED",6,"de","ANONYMIZED","ANONYMIZED",NA,"A1",NA,5,5,4,5,5,4,4,4,3,5,5,5,4,5,5,5,5,5,4,4,3,4,4,3,4,3,4,4,4,4,4,2,3,3,4,4,2,4,3,4,4,3,4,4,2,3,4,4,3,2,3,4,3,3,NA,456.02,39.94,NA,NA,NA,NA,NA,12.78,NA,21.99,NA,142.11,NA,218.92,NA,20.28,NA,124,20,22,14,23,19,26,29,25,29,83,39
"33",33,34,"Not Applicable","ANONYMIZED","ANONYMIZED","ANONYMIZED","ANONYMIZED",2582,"ANONYMIZED","ANONYMIZED","ANONYMIZED",999,"ANONYMIZED","ANONYMIZED","ANONYMIZED","Germany","ANONYMIZED","ANONYMIZED","ANONYMIZED","ANONYMIZED",31,"ANONYMIZED",6,"de","ANONYMIZED","ANONYMIZED",NA,"A1",NA,2,3,4,4,4,4,4,1,2,3,4,4,5,4,2,5,4,4,2,2,1,2,4,2,2,3,2,2,5,1,5,1,1,2,2,5,1,5,1,3,4,2,2,4,1,2,5,2,2,1,4,4,2,2,NA,319.35,63.53,NA,NA,NA,NA,NA,11.55,NA,11.83,NA,71.53,NA,151.16,NA,9.75,NA,91,12,15,7,18,23,16,22,17,24,63,43
"34",34,35,"Not Applicable","ANONYMIZED","ANONYMIZED","ANONYMIZED","ANONYMIZED",3126,"ANONYMIZED","ANONYMIZED","ANONYMIZED",999,"ANONYMIZED","ANONYMIZED","ANONYMIZED","Germany","ANONYMIZED","ANONYMIZED","ANONYMIZED","ANONYMIZED",32,"ANONYMIZED",6,"de","ANONYMIZED","ANONYMIZED",NA,"A1",NA,2,3,2,3,3,2,2,1,3,3,2,1,2,2,2,2,2,2,5,5,1,5,5,5,5,2,4,3,2,1,3,1,2,2,4,4,2,2,2,4,2,2,2,3,2,4,4,4,4,2,4,5,4,2,NA,287.54,14.42,NA,NA,NA,NA,NA,4.34,NA,4.62,NA,80.37,NA,167.93,NA,15.86,NA,113,24,24,10,13,16,26,13,13,13,39,44
"35",35,36,"Not Applicable","ANONYMIZED","ANONYMIZED","ANONYMIZED","ANONYMIZED",1776,"ANONYMIZED","ANONYMIZED","ANONYMIZED",999,"ANONYMIZED","ANONYMIZED","ANONYMIZED","Germany","ANONYMIZED","ANONYMIZED","ANONYMIZED","ANONYMIZED",33,"ANONYMIZED",6,"de","ANONYMIZED","ANONYMIZED",NA,"A1",NA,2,3,2,2,3,2,2,2,2,2,3,2,2,1,2,3,3,3,3,3,2,3,3,3,3,3,2,3,4,4,2,1,2,2,4,2,1,2,3,2,4,4,3,3,2,2,3,2,2,1,2,4,2,2,NA,222.35,8.01,NA,NA,NA,NA,NA,2.98,NA,9.24,NA,65.44,NA,128.97,NA,7.71,NA,93,14,20,11,21,11,16,16,12,13,41,45
"36",36,37,"Not Applicable","ANONYMIZED","ANONYMIZED","ANONYMIZED","ANONYMIZED",920,"ANONYMIZED","ANONYMIZED","ANONYMIZED",999,"ANONYMIZED","ANONYMIZED","ANONYMIZED","Germany","ANONYMIZED","ANONYMIZED","ANONYMIZED","ANONYMIZED",41,"ANONYMIZED",6,"de","ANONYMIZED","ANONYMIZED",NA,"A1",NA,3,3,4,4,3,4,2,2,1,2,3,3,3,2,3,1,2,4,2,1,2,2,3,3,4,2,2,2,4,4,4,3,1,1,5,1,1,5,2,5,1,3,2,3,1,2,1,1,2,1,2,3,1,2,NA,168.96,7.26,NA,NA,NA,NA,NA,2.91,NA,2.63,NA,48.49,NA,101.78,NA,5.89,NA,84,13,16,11,14,15,15,17,13,19,49,52
"37",37,38,"Not Applicable","ANONYMIZED","ANONYMIZED","ANONYMIZED","ANONYMIZED",986,"ANONYMIZED","ANONYMIZED","ANONYMIZED",999,"ANONYMIZED","ANONYMIZED","ANONYMIZED","Germany","ANONYMIZED","ANONYMIZED","ANONYMIZED","ANONYMIZED",30,"ANONYMIZED",6,"de","ANONYMIZED","ANONYMIZED",NA,"A1",NA,3,3,2,3,3,2,2,3,2,2,3,3,2,2,3,2,3,3,3,2,3,3,2,3,3,3,2,3,3,2,2,3,3,2,4,2,3,3,2,4,2,3,2,2,3,3,3,3,2,2,2,3,2,1,NA,111.96,13.86,NA,NA,NA,NA,NA,15.55,NA,2.9,NA,22.04,NA,52.75,NA,4.86,NA,93,13,18,17,14,11,20,16,14,16,46,42
"38",38,39,"Not Applicable","ANONYMIZED","ANONYMIZED","ANONYMIZED","ANONYMIZED",2144,"ANONYMIZED","ANONYMIZED","ANONYMIZED",999,"ANONYMIZED","ANONYMIZED","ANONYMIZED","Germany","ANONYMIZED","ANONYMIZED","ANONYMIZED","ANONYMIZED",44,"ANONYMIZED",6,"de","ANONYMIZED","ANONYMIZED",NA,"A1",NA,3,4,2,4,2,2,3,2,2,2,4,2,2,3,3,4,4,4,2,2,2,2,2,2,2,2,2,2,3,1,2,1,1,2,3,3,2,4,1,4,3,2,3,4,1,2,3,4,2,1,3,4,2,4,NA,469.53,271.53,NA,NA,NA,NA,NA,3.66,NA,7,NA,66.87,NA,116.11,NA,4.36,NA,85,10,15,9,14,16,21,21,14,17,52,55
"39",39,40,"Not Applicable","ANONYMIZED","ANONYMIZED","ANONYMIZED","ANONYMIZED",2850,"ANONYMIZED","ANONYMIZED","ANONYMIZED",999,"ANONYMIZED","ANONYMIZED","ANONYMIZED","Germany","ANONYMIZED","ANONYMIZED","ANONYMIZED","ANONYMIZED",36,"ANONYMIZED",6,"de","ANONYMIZED","ANONYMIZED",NA,"A1",NA,4,5,3,2,4,3,4,2,2,2,4,1,4,2,3,5,3,5,4,1,3,2,4,2,4,1,5,2,5,4,4,1,5,5,3,5,3,3,4,4,5,3,2,5,2,3,4,4,4,1,5,2,4,4,NA,891.1,518.49,NA,NA,NA,NA,NA,5.1,NA,5.09,NA,136.32,NA,214.1,NA,12,NA,122,19,11,13,24,22,33,25,17,16,58,47
"40",40,41,"Not Applicable","ANONYMIZED","ANONYMIZED","ANONYMIZED","ANONYMIZED",1962,"ANONYMIZED","ANONYMIZED","ANONYMIZED",999,"ANONYMIZED","ANONYMIZED","ANONYMIZED","Germany","ANONYMIZED","ANONYMIZED","ANONYMIZED","ANONYMIZED",37,"ANONYMIZED",6,"de","ANONYMIZED","ANONYMIZED",NA,"A1",NA,2,4,3,4,5,2,2,2,2,3,1,2,3,3,3,5,4,3,2,2,2,2,3,3,4,3,2,3,2,2,4,3,3,3,4,4,2,2,3,5,3,4,3,4,3,2,4,5,2,3,3,4,4,3,NA,313.98,5.84,NA,NA,NA,NA,NA,3.95,NA,8.11,NA,92.17,NA,173.1,NA,30.81,NA,110,13,19,17,17,17,27,21,15,17,53,48
"41",41,42,"Not Applicable","ANONYMIZED","ANONYMIZED","ANONYMIZED","ANONYMIZED",1589,"ANONYMIZED","ANONYMIZED","ANONYMIZED",999,"ANONYMIZED","ANONYMIZED","ANONYMIZED","Germany","ANONYMIZED","ANONYMIZED","ANONYMIZED","ANONYMIZED",38,"ANONYMIZED",6,"de","ANONYMIZED","ANONYMIZED",NA,"A1",NA,3,3,3,2,2,3,3,3,4,3,2,4,3,3,4,2,3,4,3,2,3,4,4,2,2,3,3,2,3,4,2,2,3,4,3,4,4,3,3,2,3,2,4,3,2,3,4,3,4,3,3,2,3,3,NA,203.18,22.5,NA,NA,NA,NA,NA,9.97,NA,3.3,NA,47.55,NA,98.89,NA,20.97,NA,107,16,14,16,21,15,25,18,20,16,54,49
"42",42,43,"Not Applicable","ANONYMIZED","ANONYMIZED","ANONYMIZED","ANONYMIZED",3916,"ANONYMIZED","ANONYMIZED","ANONYMIZED",999,"ANONYMIZED","ANONYMIZED","ANONYMIZED","Germany","ANONYMIZED","ANONYMIZED","ANONYMIZED","ANONYMIZED",39,"ANONYMIZED",6,"de","ANONYMIZED","ANONYMIZED",NA,"A1",NA,1,2,1,5,5,1,2,1,2,1,5,5,1,3,2,2,4,4,1,1,2,2,4,2,1,1,1,1,1,1,1,1,1,1,3,2,1,1,1,2,2,1,1,1,1,1,1,1,1,1,1,1,1,2,NA,523.29,25.35,NA,NA,NA,NA,NA,4.41,NA,2.66,NA,268.49,NA,218.72,NA,3.66,NA,48,9,9,7,7,6,10,14,9,24,47,50
"43",43,44,"Not Applicable","ANONYMIZED","ANONYMIZED","ANONYMIZED","ANONYMIZED",3500,"ANONYMIZED","ANONYMIZED","ANONYMIZED",999,"ANONYMIZED","ANONYMIZED","ANONYMIZED","Germany","ANONYMIZED","ANONYMIZED","ANONYMIZED","ANONYMIZED",40,"ANONYMIZED",6,"de","ANONYMIZED","ANONYMIZED",NA,"A1",NA,3,3,4,5,2,2,3,4,4,4,4,2,2,3,3,4,4,5,4,3,3,3,3,2,3,2,4,4,3,2,3,3,2,4,3,4,3,3,2,4,4,2,4,4,4,5,4,4,3,3,3,3,4,3,NA,330.48,16.01,NA,NA,NA,NA,NA,6.15,NA,3.87,NA,104.01,NA,189.17,NA,11.27,NA,117,17,17,18,19,17,29,23,20,18,61,51
"44",44,45,"Not Applicable","ANONYMIZED","ANONYMIZED","ANONYMIZED","ANONYMIZED",2143,"ANONYMIZED","ANONYMIZED","ANONYMIZED",999,"ANONYMIZED","ANONYMIZED","ANONYMIZED","Germany","ANONYMIZED","ANONYMIZED","ANONYMIZED","ANONYMIZED",43,"ANONYMIZED",6,"de","ANONYMIZED","ANONYMIZED",NA,"A1",NA,4,3,4,3,5,4,3,2,3,3,5,1,3,4,4,5,4,4,2,3,4,2,3,2,3,3,4,3,3,2,3,3,4,3,3,4,3,2,4,3,4,3,4,4,3,4,3,4,3,4,3,2,3,4,NA,579.23,89.5,NA,NA,NA,NA,NA,147.99,NA,34.38,NA,60.16,NA,150.61,NA,96.59,NA,114,14,16,20,20,16,28,24,18,22,64,54
"45",45,46,"Not Applicable","ANONYMIZED","ANONYMIZED","ANONYMIZED","ANONYMIZED",3661,"ANONYMIZED","ANONYMIZED","ANONYMIZED",999,"ANONYMIZED","ANONYMIZED","ANONYMIZED","Germany","ANONYMIZED","ANONYMIZED","ANONYMIZED","ANONYMIZED",64,"ANONYMIZED",6,"de","ANONYMIZED","ANONYMIZED",NA,"A1",NA,3,4,3,3,2,2,3,1,2,4,3,2,1,3,2,4,4,3,2,3,1,2,2,2,2,3,2,3,4,1,4,1,2,3,2,4,1,3,1,2,1,2,1,4,2,2,3,1,3,1,4,3,2,2,NA,684.67,269.95,NA,NA,NA,NA,NA,5.12,NA,12.42,NA,92.48,NA,285.4,NA,19.3,NA,81,10,16,8,11,19,17,21,13,15,49,70
"46",46,47,"Not Applicable","ANONYMIZED","ANONYMIZED","ANONYMIZED","ANONYMIZED",1858,"ANONYMIZED","ANONYMIZED","ANONYMIZED",999,"ANONYMIZED","ANONYMIZED","ANONYMIZED","Germany","ANONYMIZED","ANONYMIZED","ANONYMIZED","ANONYMIZED",46,"ANONYMIZED",6,"de","ANONYMIZED","ANONYMIZED",NA,"A1",NA,1,2,2,2,3,2,1,1,1,2,1,1,1,1,1,1,1,1,2,2,2,2,1,2,2,2,2,3,3,2,2,1,2,2,4,2,1,2,2,3,2,3,1,2,1,2,2,1,1,2,3,4,2,2,NA,251.86,24.62,NA,NA,NA,NA,NA,4.56,NA,4.99,NA,56.58,NA,149,NA,12.11,NA,74,9,17,10,12,11,15,8,7,10,25,56
"47",47,48,"Not Applicable","ANONYMIZED","ANONYMIZED","ANONYMIZED","ANONYMIZED",2596,"ANONYMIZED","ANONYMIZED","ANONYMIZED",999,"ANONYMIZED","ANONYMIZED","ANONYMIZED","Germany","ANONYMIZED","ANONYMIZED","ANONYMIZED","ANONYMIZED",47,"ANONYMIZED",6,"de","ANONYMIZED","ANONYMIZED",NA,"A1",NA,4,4,3,4,4,4,5,3,3,4,4,3,4,2,3,1,4,5,4,4,3,4,4,3,5,3,4,3,3,1,4,3,5,4,3,5,4,4,1,3,4,4,1,4,3,4,3,2,4,3,4,4,2,4,NA,414.76,18.23,NA,NA,NA,NA,NA,3.62,NA,5.18,NA,139.17,NA,245.46,NA,3.1,NA,123,21,20,20,13,21,28,21,22,21,64,57
"48",48,49,"Not Applicable","ANONYMIZED","ANONYMIZED","ANONYMIZED","ANONYMIZED",3802,"ANONYMIZED","ANONYMIZED","ANONYMIZED",999,"ANONYMIZED","ANONYMIZED","ANONYMIZED","Germany","ANONYMIZED","ANONYMIZED","ANONYMIZED","ANONYMIZED",48,"ANONYMIZED",6,"de","ANONYMIZED","ANONYMIZED",NA,"A1",NA,2,4,2,5,5,3,2,1,1,3,1,1,1,4,3,3,3,2,2,2,2,1,1,2,2,2,2,2,5,1,2,1,2,4,4,4,1,3,1,2,1,3,1,4,1,2,5,3,2,1,4,4,5,2,NA,685.81,13.64,NA,NA,NA,NA,NA,4.84,NA,5.1,NA,387.4,NA,269.68,NA,5.15,NA,86,8,16,9,14,17,22,16,11,19,46,58
"49",49,50,"Not Applicable","ANONYMIZED","ANONYMIZED","ANONYMIZED","ANONYMIZED",1291,"ANONYMIZED","ANONYMIZED","ANONYMIZED",999,"ANONYMIZED","ANONYMIZED","ANONYMIZED","Germany","ANONYMIZED","ANONYMIZED","ANONYMIZED","ANONYMIZED",49,"ANONYMIZED",6,"de","ANONYMIZED","ANONYMIZED",NA,"A1",NA,1,2,1,5,3,1,1,1,2,1,3,1,3,3,1,2,2,1,3,2,2,3,2,2,1,4,1,2,4,1,4,3,1,3,5,5,3,4,4,2,3,4,2,4,4,4,4,5,5,4,4,3,4,4,NA,316.62,54.53,NA,NA,NA,NA,NA,5.95,NA,1.66,NA,92.24,NA,160.2,NA,2.04,NA,115,10,18,20,18,21,28,9,9,16,34,59
"50",50,51,"Not Applicable","ANONYMIZED","ANONYMIZED","ANONYMIZED","ANONYMIZED",3239,"ANONYMIZED","ANONYMIZED","ANONYMIZED",999,"ANONYMIZED","ANONYMIZED","ANONYMIZED","Germany","ANONYMIZED","ANONYMIZED","ANONYMIZED","ANONYMIZED",62,"ANONYMIZED",6,"de","ANONYMIZED","ANONYMIZED",NA,"A1",NA,1,1,2,2,4,2,1,1,2,3,3,1,3,3,2,1,2,2,1,1,2,1,1,1,1,1,1,1,1,1,2,1,1,1,4,1,1,1,1,1,1,5,1,1,1,1,1,1,1,1,1,1,1,1,NA,672.5,319.48,NA,NA,NA,NA,NA,15.29,NA,19.65,NA,94.44,NA,189.4,NA,34.24,NA,45,5,9,11,6,6,8,9,12,15,36,68
"51",51,52,"Not Applicable","ANONYMIZED","ANONYMIZED","ANONYMIZED","ANONYMIZED",2767,"ANONYMIZED","ANONYMIZED","ANONYMIZED",999,"ANONYMIZED","ANONYMIZED","ANONYMIZED","Germany","ANONYMIZED","ANONYMIZED","ANONYMIZED","ANONYMIZED",61,"ANONYMIZED",6,"de","ANONYMIZED","ANONYMIZED",NA,"A1",NA,2,2,2,2,2,1,1,1,1,1,2,1,1,1,2,2,2,1,2,2,2,1,1,2,2,2,1,2,2,1,2,1,2,2,2,2,1,2,1,2,1,5,1,2,1,2,2,1,2,1,2,2,2,2,NA,162.69,6.21,NA,NA,NA,NA,NA,13.4,NA,1.74,NA,44.07,NA,95.56,NA,1.71,NA,63,7,12,11,8,10,15,11,7,9,27,67
"52",52,53,"Not Applicable","ANONYMIZED","ANONYMIZED","ANONYMIZED","ANONYMIZED",1864,"ANONYMIZED","ANONYMIZED","ANONYMIZED",999,"ANONYMIZED","ANONYMIZED","ANONYMIZED","Germany","ANONYMIZED","ANONYMIZED","ANONYMIZED","ANONYMIZED",54,"ANONYMIZED",6,"de","ANONYMIZED","ANONYMIZED",NA,"A1",NA,4,3,3,4,3,2,3,1,3,2,4,3,2,4,2,3,3,2,4,2,3,2,2,3,4,2,2,3,2,3,3,2,1,3,4,2,4,3,3,4,4,3,3,2,3,3,1,4,2,3,2,2,4,3,NA,256.93,59.79,NA,NA,NA,NA,NA,7.6,NA,4.07,NA,70.26,NA,103.61,NA,11.6,NA,100,14,16,18,16,12,24,18,13,20,51,62
"53",53,54,"Not Applicable","ANONYMIZED","ANONYMIZED","ANONYMIZED","ANONYMIZED",1220,"ANONYMIZED","ANONYMIZED","ANONYMIZED",999,"ANONYMIZED","ANONYMIZED","ANONYMIZED","Germany","ANONYMIZED","ANONYMIZED","ANONYMIZED","ANONYMIZED",55,"ANONYMIZED",6,"de","ANONYMIZED","ANONYMIZED",NA,"A1",NA,4,4,3,4,3,4,4,2,3,2,3,2,3,3,5,5,3,2,4,4,2,3,4,3,4,2,4,4,3,3,4,3,3,2,3,4,4,3,2,4,2,4,2,4,4,3,2,2,4,4,5,4,4,4,NA,384.97,14.26,NA,NA,NA,NA,NA,3.39,NA,4.41,NA,88.99,NA,265.63,NA,8.29,NA,120,19,20,21,14,20,26,21,19,19,59,63
"54",54,55,"Not Applicable","ANONYMIZED","ANONYMIZED","ANONYMIZED","ANONYMIZED",3653,"ANONYMIZED","ANONYMIZED","ANONYMIZED",999,"ANONYMIZED","ANONYMIZED","ANONYMIZED","Germany","ANONYMIZED","ANONYMIZED","ANONYMIZED","ANONYMIZED",59,"ANONYMIZED",6,"de","ANONYMIZED","ANONYMIZED",NA,"A1",NA,2,2,3,3,4,3,2,4,2,2,5,2,1,3,4,1,3,3,2,3,1,2,2,4,3,2,2,2,2,2,4,1,2,1,2,4,1,4,2,3,2,2,2,2,1,2,2,2,1,1,3,3,2,2,NA,492.19,37.68,NA,NA,NA,NA,NA,11.87,NA,16.17,NA,147.64,NA,258.3,NA,20.53,NA,78,11,16,7,12,17,15,14,15,20,49,65
"55",55,56,"Not Applicable","ANONYMIZED","ANONYMIZED","ANONYMIZED","ANONYMIZED",2683,"ANONYMIZED","ANONYMIZED","ANONYMIZED",999,"ANONYMIZED","ANONYMIZED","ANONYMIZED","Germany","ANONYMIZED","ANONYMIZED","ANONYMIZED","ANONYMIZED",58,"ANONYMIZED",6,"de","ANONYMIZED","ANONYMIZED",NA,"A1",NA,2,3,2,4,4,2,3,1,2,3,4,4,2,3,1,3,3,2,1,1,2,2,2,2,2,3,1,2,2,1,3,1,2,2,2,4,1,3,1,3,1,2,1,3,1,3,1,2,1,1,3,4,2,1,NA,974.33,623.71,NA,NA,NA,NA,NA,14.07,NA,16.79,NA,107.19,NA,198.51,NA,14.06,NA,69,8,14,8,7,16,16,15,12,21,48,64
"56",56,57,"Not Applicable","ANONYMIZED","ANONYMIZED","ANONYMIZED","ANONYMIZED",7500,"ANONYMIZED","ANONYMIZED","ANONYMIZED",999,"ANONYMIZED","ANONYMIZED","ANONYMIZED","Germany","ANONYMIZED","ANONYMIZED","ANONYMIZED","ANONYMIZED",93,"ANONYMIZED",6,"de","ANONYMIZED","ANONYMIZED",NA,"A1",NA,2,4,2,4,4,3,4,1,2,2,4,2,3,4,2,1,3,2,2,2,2,2,2,2,2,2,1,2,2,2,3,1,2,2,2,4,1,2,2,2,1,4,1,4,2,2,2,2,2,2,3,2,2,3,NA,2806.75,22.67,NA,NA,NA,NA,NA,11.69,NA,2274.9,NA,100.01,NA,364.23,NA,33.25,NA,76,9,12,12,10,16,17,14,14,21,49,97
"57",57,58,"Not Applicable","ANONYMIZED","ANONYMIZED","ANONYMIZED","ANONYMIZED",4014,"ANONYMIZED","ANONYMIZED","ANONYMIZED",999,"ANONYMIZED","ANONYMIZED","ANONYMIZED","Germany","ANONYMIZED","ANONYMIZED","ANONYMIZED","ANONYMIZED",63,"ANONYMIZED",6,"de","ANONYMIZED","ANONYMIZED",NA,"A1",NA,2,2,3,3,3,3,3,2,3,3,3,3,3,3,3,3,3,3,2,2,2,2,2,2,2,2,2,3,2,2,4,2,2,3,4,4,2,4,2,4,3,3,3,4,2,3,2,4,4,2,4,3,4,4,NA,1906.52,1354.13,NA,NA,NA,NA,NA,11.31,NA,5.74,NA,389.02,NA,134.73,NA,11.59,NA,101,10,16,13,14,20,28,16,17,18,51,69
"58",58,59,"Not Applicable","ANONYMIZED","ANONYMIZED","ANONYMIZED","ANONYMIZED",4054,"ANONYMIZED","ANONYMIZED","ANONYMIZED",999,"ANONYMIZED","ANONYMIZED","ANONYMIZED","Germany","ANONYMIZED","ANONYMIZED","ANONYMIZED","ANONYMIZED",65,"ANONYMIZED",6,"de","ANONYMIZED","ANONYMIZED",NA,"A1",NA,4,5,5,5,5,4,4,3,4,4,4,2,5,3,5,4,4,2,3,2,4,3,2,3,4,2,2,5,4,5,4,4,5,5,1,5,4,4,3,4,4,4,4,4,2,5,4,4,5,2,5,5,4,5,NA,680.07,26.44,NA,NA,NA,NA,NA,7.41,NA,15.3,NA,108.99,NA,492.95,NA,28.98,NA,135,14,18,20,24,22,37,24,25,23,72,71
"59",59,60,"Not Applicable","ANONYMIZED","ANONYMIZED","ANONYMIZED","ANONYMIZED",2867,"ANONYMIZED","ANONYMIZED","ANONYMIZED",999,"ANONYMIZED","ANONYMIZED","ANONYMIZED","Germany","ANONYMIZED","ANONYMIZED","ANONYMIZED","ANONYMIZED",66,"ANONYMIZED",6,"de","ANONYMIZED","ANONYMIZED",NA,"A1",NA,1,1,1,4,2,2,1,1,1,2,3,1,1,3,1,1,2,3,1,1,1,1,1,1,1,1,1,1,1,1,1,1,1,1,1,2,1,2,1,1,1,1,1,1,1,1,1,1,1,1,2,1,3,2,NA,779.34,315.05,NA,NA,NA,NA,NA,14.28,NA,18.9,NA,117.6,NA,281.65,NA,31.86,NA,42,5,6,6,6,8,11,9,7,15,31,72
"60",60,61,"Not Applicable","ANONYMIZED","ANONYMIZED","ANONYMIZED","ANONYMIZED",2449,"ANONYMIZED","ANONYMIZED","ANONYMIZED",999,"ANONYMIZED","ANONYMIZED","ANONYMIZED","Germany","ANONYMIZED","ANONYMIZED","ANONYMIZED","ANONYMIZED",68,"ANONYMIZED",6,"de","ANONYMIZED","ANONYMIZED",NA,"A1",NA,4,3,2,3,3,2,2,4,3,3,2,3,3,3,2,4,4,2,2,2,3,2,2,2,2,2,3,3,4,3,4,3,3,3,4,3,3,3,4,4,4,3,4,4,3,3,3,4,2,3,4,3,3,3,NA,272.8,18.02,NA,NA,NA,NA,NA,5.81,NA,12.89,NA,78.69,NA,145.49,NA,11.9,NA,110,11,16,18,22,18,25,19,17,16,52,73
"61",61,62,"Not Applicable","ANONYMIZED","ANONYMIZED","ANONYMIZED","ANONYMIZED",1814,"ANONYMIZED","ANONYMIZED","ANONYMIZED",999,"ANONYMIZED","ANONYMIZED","ANONYMIZED","Germany","ANONYMIZED","ANONYMIZED","ANONYMIZED","ANONYMIZED",71,"ANONYMIZED",6,"de","ANONYMIZED","ANONYMIZED",NA,"A1",NA,3,4,4,4,4,4,3,3,3,3,4,3,3,4,3,2,4,4,2,2,3,1,3,3,3,4,3,3,4,4,3,2,3,4,4,3,3,3,3,4,3,2,4,3,1,4,4,4,4,1,4,5,3,4,NA,289.68,9.47,NA,NA,NA,NA,NA,13.78,NA,18.14,NA,73.03,NA,160.42,NA,14.84,NA,113,12,21,12,22,16,30,21,18,23,62,77
"62",62,63,"Not Applicable","ANONYMIZED","ANONYMIZED","ANONYMIZED","ANONYMIZED",3150,"ANONYMIZED","ANONYMIZED","ANONYMIZED",999,"ANONYMIZED","ANONYMIZED","ANONYMIZED","Germany","ANONYMIZED","ANONYMIZED","ANONYMIZED","ANONYMIZED",69,"ANONYMIZED",6,"de","ANONYMIZED","ANONYMIZED",NA,"A1",NA,2,3,2,2,4,3,1,1,1,1,2,1,1,3,3,2,3,2,2,2,1,1,1,2,2,2,2,2,3,1,2,2,1,2,3,2,1,2,1,3,2,3,1,2,1,2,2,2,2,1,2,3,3,2,NA,518.24,60.12,NA,NA,NA,NA,NA,9.62,NA,17.14,NA,147.89,NA,243.92,NA,39.55,NA,68,8,14,9,10,10,17,14,8,15,37,74
"63",63,64,"Not Applicable","ANONYMIZED","ANONYMIZED","ANONYMIZED","ANONYMIZED",2292,"ANONYMIZED","ANONYMIZED","ANONYMIZED",999,"ANONYMIZED","ANONYMIZED","ANONYMIZED","Germany","ANONYMIZED","ANONYMIZED","ANONYMIZED","ANONYMIZED",70,"ANONYMIZED",6,"de","ANONYMIZED","ANONYMIZED",NA,"A1",NA,4,4,4,5,5,5,2,1,2,3,4,5,2,4,3,4,4,4,1,1,2,1,2,2,2,1,2,3,3,3,4,3,3,3,2,4,3,3,3,2,3,3,3,4,2,2,4,2,3,2,3,2,3,3,NA,384.51,97.11,NA,NA,NA,NA,NA,5.91,NA,14.9,NA,87.07,NA,158.93,NA,20.59,NA,92,8,11,15,19,18,21,24,13,28,65,76
"64",64,65,"Not Applicable","ANONYMIZED","ANONYMIZED","ANONYMIZED","ANONYMIZED",3755,"ANONYMIZED","ANONYMIZED","ANONYMIZED",999,"ANONYMIZED","ANONYMIZED","ANONYMIZED","Germany","ANONYMIZED","ANONYMIZED","ANONYMIZED","ANONYMIZED",73,"ANONYMIZED",6,"de","ANONYMIZED","ANONYMIZED",NA,"A1",NA,3,4,4,5,3,4,3,2,3,4,5,2,3,3,3,3,5,4,2,2,2,2,2,2,2,3,2,2,3,2,3,2,3,4,4,4,3,2,3,3,3,3,5,3,2,4,5,5,2,2,4,4,4,4,NA,557.29,19.12,NA,NA,NA,NA,NA,6.69,NA,24,NA,232.37,NA,265.34,NA,9.77,NA,107,10,17,14,21,16,29,23,18,22,63,79
"65",65,66,"Not Applicable","ANONYMIZED","ANONYMIZED","ANONYMIZED","ANONYMIZED",2514,"ANONYMIZED","ANONYMIZED","ANONYMIZED",999,"ANONYMIZED","ANONYMIZED","ANONYMIZED","Germany","ANONYMIZED","ANONYMIZED","ANONYMIZED","ANONYMIZED",72,"ANONYMIZED",6,"de","ANONYMIZED","ANONYMIZED",NA,"A1",NA,2,4,4,2,4,4,4,1,3,4,2,5,4,3,2,4,3,2,2,4,4,2,2,4,2,4,3,2,5,3,2,3,4,3,4,2,4,1,2,4,1,3,2,2,3,5,4,5,2,3,4,5,5,3,NA,365.41,81.35,NA,NA,NA,NA,NA,3.71,NA,10.54,NA,76.56,NA,182.6,NA,10.65,NA,113,11,23,20,17,11,31,19,18,20,57,78
"66",66,67,"Not Applicable","ANONYMIZED","ANONYMIZED","ANONYMIZED","ANONYMIZED",2970,"ANONYMIZED","ANONYMIZED","ANONYMIZED",999,"ANONYMIZED","ANONYMIZED","ANONYMIZED","Germany","ANONYMIZED","ANONYMIZED","ANONYMIZED","ANONYMIZED",74,"ANONYMIZED",6,"de","ANONYMIZED","ANONYMIZED",NA,"A1",NA,4,5,5,5,5,2,2,2,2,2,4,1,1,4,1,1,3,5,2,2,2,3,3,2,4,2,2,2,4,1,1,1,2,2,2,5,1,1,1,2,1,3,1,4,4,1,2,2,3,1,4,2,3,3,NA,1720.96,190.31,NA,NA,NA,NA,NA,8.86,NA,282.75,NA,544.2,NA,691.61,NA,3.23,NA,81,14,12,12,10,15,18,23,10,21,54,80
"67",67,68,"Not Applicable","ANONYMIZED","ANONYMIZED","ANONYMIZED","ANONYMIZED",2013,"ANONYMIZED","ANONYMIZED","ANONYMIZED",999,"ANONYMIZED","ANONYMIZED","ANONYMIZED","Germany","ANONYMIZED","ANONYMIZED","ANONYMIZED","ANONYMIZED",75,"ANONYMIZED",6,"de","ANONYMIZED","ANONYMIZED",NA,"A1",NA,1,2,1,1,2,1,1,1,1,1,2,1,1,1,1,1,2,1,2,1,1,1,1,1,2,1,1,1,1,1,1,1,1,1,2,1,1,2,1,1,1,1,1,2,1,1,1,1,1,1,2,2,1,1,NA,260.59,11.27,NA,NA,NA,NA,NA,5.18,NA,12.66,NA,80.15,NA,140.09,NA,11.24,NA,43,7,8,6,6,8,8,8,6,8,22,81
"68",68,69,"Not Applicable","ANONYMIZED","ANONYMIZED","ANONYMIZED","ANONYMIZED",3309,"ANONYMIZED","ANONYMIZED","ANONYMIZED",999,"ANONYMIZED","ANONYMIZED","ANONYMIZED","Germany","ANONYMIZED","ANONYMIZED","ANONYMIZED","ANONYMIZED",76,"ANONYMIZED",6,"de","ANONYMIZED","ANONYMIZED",NA,"A1",NA,2,4,2,3,2,2,3,2,3,4,2,1,3,2,3,4,4,3,1,1,2,1,2,1,2,1,2,2,3,3,2,2,3,2,3,4,2,2,2,2,2,2,2,4,3,2,3,4,3,2,4,2,3,2,NA,567.69,176.95,NA,NA,NA,NA,NA,6.96,NA,15.2,NA,103.85,NA,248.51,NA,16.22,NA,83,8,10,13,15,16,21,19,18,12,49,82
"69",69,70,"Not Applicable","ANONYMIZED","ANONYMIZED","ANONYMIZED","ANONYMIZED",2807,"ANONYMIZED","ANONYMIZED","ANONYMIZED",999,"ANONYMIZED","ANONYMIZED","ANONYMIZED","Germany","ANONYMIZED","ANONYMIZED","ANONYMIZED","ANONYMIZED",88,"ANONYMIZED",6,"de","ANONYMIZED","ANONYMIZED",NA,"A1",NA,2,3,2,3,3,2,1,1,1,1,3,2,1,4,1,1,3,3,2,2,1,1,1,2,3,3,1,3,1,1,1,1,1,1,2,2,1,2,1,2,2,2,1,2,1,1,1,1,1,1,2,3,3,1,NA,286.58,15.54,NA,NA,NA,NA,NA,3.57,NA,87.4,NA,71.37,NA,98.83,NA,9.87,NA,57,8,15,7,7,9,11,14,6,17,37,92
"70",70,71,"Not Applicable","ANONYMIZED","ANONYMIZED","ANONYMIZED","ANONYMIZED",2467,"ANONYMIZED","ANONYMIZED","ANONYMIZED",999,"ANONYMIZED","ANONYMIZED","ANONYMIZED","Germany","ANONYMIZED","ANONYMIZED","ANONYMIZED","ANONYMIZED",77,"ANONYMIZED",6,"de","ANONYMIZED","ANONYMIZED",NA,"A1",NA,3,4,4,4,4,3,3,3,2,3,4,1,2,3,3,4,4,4,2,2,2,2,2,2,3,2,2,2,4,4,2,2,3,3,2,3,2,2,4,3,2,3,3,3,2,3,4,4,4,2,4,2,3,3,NA,426.92,151.74,NA,NA,NA,NA,NA,10.2,NA,3.67,NA,92.31,NA,155.41,NA,13.59,NA,97,11,12,13,21,14,26,23,16,19,58,83
"71",71,72,"Not Applicable","ANONYMIZED","ANONYMIZED","ANONYMIZED","ANONYMIZED",1484,"ANONYMIZED","ANONYMIZED","ANONYMIZED",999,"ANONYMIZED","ANONYMIZED","ANONYMIZED","Germany","ANONYMIZED","ANONYMIZED","ANONYMIZED","ANONYMIZED",78,"ANONYMIZED",6,"de","ANONYMIZED","ANONYMIZED",NA,"A1",NA,2,3,2,3,3,4,2,1,2,3,4,2,2,3,3,1,3,3,2,2,2,2,3,2,2,2,3,2,4,1,3,2,2,2,3,3,2,3,2,3,3,3,1,3,2,1,2,3,2,1,2,2,2,2,NA,298.18,14.73,NA,NA,NA,NA,NA,7.14,NA,5.88,NA,89.45,NA,173.37,NA,7.61,NA,81,12,13,12,13,14,17,14,13,19,46,84
"72",72,73,"Not Applicable","ANONYMIZED","ANONYMIZED","ANONYMIZED","ANONYMIZED",2737,"ANONYMIZED","ANONYMIZED","ANONYMIZED",999,"ANONYMIZED","ANONYMIZED","ANONYMIZED","Germany","ANONYMIZED","ANONYMIZED","ANONYMIZED","ANONYMIZED",79,"ANONYMIZED",6,"de","ANONYMIZED","ANONYMIZED",NA,"A1",NA,2,3,3,4,2,1,1,1,1,2,2,1,1,1,1,1,2,2,1,1,1,1,1,1,1,1,2,2,2,1,2,1,1,1,1,2,1,1,1,1,1,1,1,4,1,1,2,1,1,1,2,1,3,1,NA,470.78,201.15,NA,NA,NA,NA,NA,4.26,NA,7.48,NA,131.78,NA,116.48,NA,9.63,NA,48,6,7,6,8,11,10,13,7,11,31,85
"73",73,74,"Not Applicable","ANONYMIZED","ANONYMIZED","ANONYMIZED","ANONYMIZED",3777,"ANONYMIZED","ANONYMIZED","ANONYMIZED",999,"ANONYMIZED","ANONYMIZED","ANONYMIZED","Germany","ANONYMIZED","ANONYMIZED","ANONYMIZED","ANONYMIZED",80,"ANONYMIZED",6,"de","ANONYMIZED","ANONYMIZED",NA,"A1",NA,2,3,1,5,4,1,5,1,5,4,5,4,4,2,3,1,4,5,3,4,4,3,5,4,3,2,4,2,2,1,4,3,4,3,4,4,4,4,1,4,2,2,2,4,3,3,3,2,4,3,5,3,2,4,NA,374.64,69.67,NA,NA,NA,NA,NA,13.59,NA,8.51,NA,97.94,NA,173.1,NA,11.83,NA,114,18,19,19,11,21,26,16,22,21,59,87
"74",74,75,"Not Applicable","ANONYMIZED","ANONYMIZED","ANONYMIZED","ANONYMIZED",2868,"ANONYMIZED","ANONYMIZED","ANONYMIZED",999,"ANONYMIZED","ANONYMIZED","ANONYMIZED","Germany","ANONYMIZED","ANONYMIZED","ANONYMIZED","ANONYMIZED",81,"ANONYMIZED",6,"de","ANONYMIZED","ANONYMIZED",NA,"A1",NA,5,5,5,5,5,4,3,1,5,4,5,5,5,5,1,5,5,5,2,1,4,1,1,2,1,2,1,1,1,1,4,3,5,5,1,5,5,3,1,5,1,2,1,5,1,5,1,1,5,2,5,3,5,5,NA,413.12,130.39,NA,NA,NA,NA,NA,15.15,NA,10.98,NA,55.45,NA,193.82,NA,7.33,NA,97,6,10,17,6,22,36,30,19,29,78,88
"75",75,76,"Not Applicable","ANONYMIZED","ANONYMIZED","ANONYMIZED","ANONYMIZED",2710,"ANONYMIZED","ANONYMIZED","ANONYMIZED",999,"ANONYMIZED","ANONYMIZED","ANONYMIZED","Germany","ANONYMIZED","ANONYMIZED","ANONYMIZED","ANONYMIZED",82,"ANONYMIZED",6,"de","ANONYMIZED","ANONYMIZED",NA,"A1",NA,2,2,2,2,1,3,2,1,1,1,2,1,1,1,1,2,2,2,2,2,1,1,1,1,2,1,1,3,1,1,2,2,2,2,1,3,1,2,1,2,1,2,1,1,1,2,1,2,2,1,2,1,3,2,NA,318.83,18.46,NA,NA,NA,NA,NA,9.63,NA,4.96,NA,89.23,NA,170.8,NA,25.75,NA,57,7,9,8,6,10,17,12,7,10,29,89
"76",76,77,"Not Applicable","ANONYMIZED","ANONYMIZED","ANONYMIZED","ANONYMIZED",3009,"ANONYMIZED","ANONYMIZED","ANONYMIZED",999,"ANONYMIZED","ANONYMIZED","ANONYMIZED","Germany","ANONYMIZED","ANONYMIZED","ANONYMIZED","ANONYMIZED",85,"ANONYMIZED",6,"de","ANONYMIZED","ANONYMIZED",NA,"A1",NA,1,2,1,1,1,1,1,1,1,1,1,1,2,1,1,1,2,2,2,2,2,2,2,1,3,1,2,3,4,4,5,3,4,4,3,5,3,3,4,3,4,3,4,4,3,2,4,4,3,2,3,2,4,4,NA,499.58,164.57,NA,NA,NA,NA,NA,6.28,NA,7.19,NA,89.34,NA,216.99,NA,15.21,NA,111,11,12,16,24,20,28,9,7,6,22,90
"77",77,78,"Not Applicable","ANONYMIZED","ANONYMIZED","ANONYMIZED","ANONYMIZED",2347,"ANONYMIZED","ANONYMIZED","ANONYMIZED",999,"ANONYMIZED","ANONYMIZED","ANONYMIZED","Germany","ANONYMIZED","ANONYMIZED","ANONYMIZED","ANONYMIZED",86,"ANONYMIZED",6,"de","ANONYMIZED","ANONYMIZED",NA,"A1",NA,4,5,4,3,4,4,4,3,4,3,2,2,5,3,5,5,4,3,2,2,3,2,2,1,2,2,4,4,3,4,5,5,5,5,2,5,5,4,3,2,4,3,3,5,3,4,5,4,4,3,5,3,5,5,NA,298.8,12.66,NA,NA,NA,NA,NA,7.23,NA,24.39,NA,83.64,NA,162.77,NA,8.11,NA,128,12,14,22,22,24,34,25,24,18,67,91
"78",78,79,"Not Applicable","ANONYMIZED","ANONYMIZED","ANONYMIZED","ANONYMIZED",1974,"ANONYMIZED","ANONYMIZED","ANONYMIZED",999,"ANONYMIZED","ANONYMIZED","ANONYMIZED","Germany","ANONYMIZED","ANONYMIZED","ANONYMIZED","ANONYMIZED",89,"ANONYMIZED",6,"de","ANONYMIZED","ANONYMIZED",NA,"A1",NA,3,4,4,3,3,3,4,3,3,4,3,4,5,3,4,3,4,4,3,3,1,2,2,3,2,3,3,2,3,2,3,4,2,4,3,3,2,2,4,3,3,2,2,4,3,3,4,4,3,3,2,2,3,2,NA,116.25,7.38,NA,NA,NA,NA,NA,3.94,NA,2.97,NA,33.22,NA,62.37,NA,6.37,NA,99,12,16,15,18,14,24,22,23,19,64,93
"79",79,80,"Not Applicable","ANONYMIZED","ANONYMIZED","ANONYMIZED","ANONYMIZED",3237,"ANONYMIZED","ANONYMIZED","ANONYMIZED",999,"ANONYMIZED","ANONYMIZED","ANONYMIZED","Germany","ANONYMIZED","ANONYMIZED","ANONYMIZED","ANONYMIZED",90,"ANONYMIZED",6,"de","ANONYMIZED","ANONYMIZED",NA,"A1",NA,3,3,3,5,5,3,2,2,1,1,4,3,1,5,4,3,5,3,2,2,2,2,3,2,2,2,3,4,5,5,3,1,4,5,4,3,3,1,4,4,5,2,5,4,2,4,5,5,4,1,5,3,5,5,NA,249.48,25.41,NA,NA,NA,NA,NA,4.29,NA,8.07,NA,75.05,NA,125.48,NA,11.18,NA,121,12,17,11,29,16,36,20,11,25,56,95
"80",80,81,"Not Applicable","ANONYMIZED","ANONYMIZED","ANONYMIZED","ANONYMIZED",4903,"ANONYMIZED","ANONYMIZED","ANONYMIZED",999,"ANONYMIZED","ANONYMIZED","ANONYMIZED","Germany","ANONYMIZED","ANONYMIZED","ANONYMIZED","ANONYMIZED",91,"ANONYMIZED",6,"de","ANONYMIZED","ANONYMIZED",NA,"A1",NA,1,2,2,2,3,2,1,1,2,2,3,1,1,3,2,1,2,2,2,2,2,2,2,2,2,2,1,1,2,1,2,1,1,2,1,1,1,1,1,2,1,2,1,1,2,1,2,1,1,1,1,2,2,2,NA,1273.42,938.99,NA,NA,NA,NA,NA,5.24,NA,10.7,NA,74.71,NA,142.99,NA,100.79,NA,54,9,10,9,8,6,12,10,9,14,33,96
"81",81,82,"Not Applicable","ANONYMIZED","ANONYMIZED","ANONYMIZED","ANONYMIZED",1377,"ANONYMIZED","ANONYMIZED","ANONYMIZED",999,"ANONYMIZED","ANONYMIZED","ANONYMIZED","Germany","ANONYMIZED","ANONYMIZED","ANONYMIZED","ANONYMIZED",95,"ANONYMIZED",6,"de","ANONYMIZED","ANONYMIZED",NA,"A1",NA,2,2,1,1,3,3,1,1,1,1,3,2,2,3,1,1,1,1,2,2,2,2,2,2,2,2,2,2,3,2,3,2,1,1,3,3,1,3,1,3,1,5,1,1,1,1,2,1,1,1,2,4,1,1,NA,265.83,116.89,NA,NA,NA,NA,NA,8.02,NA,8.58,NA,39.53,NA,84.14,NA,8.67,NA,69,10,15,12,10,12,10,8,7,15,30,98
"82",82,83,"Not Applicable","ANONYMIZED","ANONYMIZED","ANONYMIZED","ANONYMIZED",2949,"ANONYMIZED","ANONYMIZED","ANONYMIZED",999,"ANONYMIZED","ANONYMIZED","ANONYMIZED","Germany","ANONYMIZED","ANONYMIZED","ANONYMIZED","ANONYMIZED",96,"ANONYMIZED",6,"de","ANONYMIZED","ANONYMIZED",NA,"A1",NA,5,5,5,5,5,4,4,4,4,4,5,5,5,5,4,5,5,4,3,3,4,3,3,3,4,2,4,3,5,5,5,4,5,5,3,4,4,3,4,3,5,3,5,4,4,4,5,5,5,4,4,3,4,5,NA,323.2,47.35,NA,NA,NA,NA,NA,14.82,NA,12.52,NA,72.69,NA,158.41,NA,17.41,NA,142,17,17,23,29,20,36,29,25,29,83,99
"83",83,84,"Not Applicable","ANONYMIZED","ANONYMIZED","ANONYMIZED","ANONYMIZED",1828,"ANONYMIZED","ANONYMIZED","ANONYMIZED",999,"ANONYMIZED","ANONYMIZED","ANONYMIZED","Germany","ANONYMIZED","ANONYMIZED","ANONYMIZED","ANONYMIZED",97,"ANONYMIZED",6,"de","ANONYMIZED","ANONYMIZED",NA,"A1",NA,4,4,4,4,4,4,4,3,3,4,3,2,4,4,4,4,4,3,2,2,2,1,2,2,2,3,2,3,4,4,4,3,3,3,4,4,3,3,3,3,4,3,4,4,3,3,4,4,3,3,4,3,3,3,NA,339.23,13.73,NA,NA,NA,NA,NA,6.21,NA,13.75,NA,110.31,NA,181.59,NA,13.64,NA,110,9,17,17,23,19,25,23,22,21,66,100
"84",84,85,"Not Applicable","ANONYMIZED","ANONYMIZED","ANONYMIZED","ANONYMIZED",3201,"ANONYMIZED","ANONYMIZED","ANONYMIZED",999,"ANONYMIZED","ANONYMIZED","ANONYMIZED","Germany","ANONYMIZED","ANONYMIZED","ANONYMIZED","ANONYMIZED",102,"ANONYMIZED",6,"de","ANONYMIZED","ANONYMIZED",NA,"A1",NA,3,2,2,4,5,1,3,4,2,2,4,2,1,4,2,3,3,5,2,2,1,1,1,3,2,2,2,2,1,1,2,1,1,1,3,2,1,2,1,1,1,2,1,2,1,1,1,2,1,1,2,3,2,1,NA,512.06,65.81,NA,NA,NA,NA,NA,17.35,NA,17.44,NA,133.64,NA,262.53,NA,15.29,NA,56,8,15,7,6,10,10,18,14,20,52,2
"85",85,86,"Not Applicable","ANONYMIZED","ANONYMIZED","ANONYMIZED","ANONYMIZED",2508,"ANONYMIZED","ANONYMIZED","ANONYMIZED",999,"ANONYMIZED","ANONYMIZED","ANONYMIZED","Germany","ANONYMIZED","ANONYMIZED","ANONYMIZED","ANONYMIZED",103,"ANONYMIZED",6,"de","ANONYMIZED","ANONYMIZED",NA,"A1",NA,2,3,2,2,3,2,2,2,3,2,1,2,2,2,2,3,2,2,3,1,4,3,3,2,3,1,3,3,3,3,4,3,4,4,3,3,3,3,2,4,3,3,2,3,3,3,3,2,3,3,4,2,3,3,NA,288.09,17.89,NA,NA,NA,NA,NA,5.45,NA,13.35,NA,87.28,NA,145.8,NA,18.32,NA,105,15,12,19,16,17,26,14,13,12,39,3
"86",86,87,"Not Applicable","ANONYMIZED","ANONYMIZED","ANONYMIZED","ANONYMIZED",1539,"ANONYMIZED","ANONYMIZED","ANONYMIZED",999,"ANONYMIZED","ANONYMIZED","ANONYMIZED","Germany","ANONYMIZED","ANONYMIZED","ANONYMIZED","ANONYMIZED",104,"ANONYMIZED",6,"de","ANONYMIZED","ANONYMIZED",NA,"A1",NA,4,5,4,4,4,2,2,3,2,2,4,3,2,4,1,1,1,3,2,1,3,2,2,2,3,1,3,2,3,2,2,1,2,2,2,2,1,2,2,2,4,3,2,2,2,1,3,2,2,2,2,2,2,3,NA,428.25,54.62,NA,NA,NA,NA,NA,7.76,NA,15.81,NA,119.54,NA,205.59,NA,24.93,NA,76,12,10,12,16,10,16,18,12,21,51,4
"87",87,88,"Not Applicable","ANONYMIZED","ANONYMIZED","ANONYMIZED","ANONYMIZED",2451,"ANONYMIZED","ANONYMIZED","ANONYMIZED",999,"ANONYMIZED","ANONYMIZED","ANONYMIZED","Germany","ANONYMIZED","ANONYMIZED","ANONYMIZED","ANONYMIZED",105,"ANONYMIZED",6,"de","ANONYMIZED","ANONYMIZED",NA,"A1",NA,3,3,3,2,4,2,1,1,1,2,3,1,1,3,1,1,2,3,2,2,1,1,2,3,2,2,2,2,2,2,1,1,1,1,4,2,1,2,2,1,2,2,2,2,1,1,2,1,1,1,2,3,2,2,NA,390.03,83.73,NA,NA,NA,NA,NA,5.2,NA,21.26,NA,116.01,NA,148.11,NA,15.72,NA,63,9,16,7,12,9,10,15,7,15,37,5
"88",88,89,"Not Applicable","ANONYMIZED","ANONYMIZED","ANONYMIZED","ANONYMIZED",1696,"ANONYMIZED","ANONYMIZED","ANONYMIZED",999,"ANONYMIZED","ANONYMIZED","ANONYMIZED","Germany","ANONYMIZED","ANONYMIZED","ANONYMIZED","ANONYMIZED",106,"ANONYMIZED",6,"de","ANONYMIZED","ANONYMIZED",NA,"A1",NA,3,4,3,3,2,2,2,1,1,3,2,2,3,2,2,3,4,3,1,2,1,2,1,2,2,2,1,4,2,1,2,1,2,2,3,2,1,2,1,2,2,2,2,2,1,1,2,2,1,1,2,4,2,1,NA,369.34,40.23,NA,NA,NA,NA,NA,4.68,NA,14.82,NA,90.77,NA,198.5,NA,20.34,NA,64,7,17,7,10,10,13,20,12,13,45,6
"89",89,90,"Not Applicable","ANONYMIZED","ANONYMIZED","ANONYMIZED","ANONYMIZED",2805,"ANONYMIZED","ANONYMIZED","ANONYMIZED",999,"ANONYMIZED","ANONYMIZED","ANONYMIZED","Germany","ANONYMIZED","ANONYMIZED","ANONYMIZED","ANONYMIZED",108,"ANONYMIZED",6,"de","ANONYMIZED","ANONYMIZED",NA,"A1",NA,2,4,4,5,4,5,4,2,3,3,4,3,3,4,2,2,4,4,2,2,2,2,2,2,2,2,2,2,3,2,4,3,4,3,3,4,3,4,2,3,2,4,2,4,2,2,4,2,2,2,4,4,4,3,NA,273.43,14.14,NA,NA,NA,NA,NA,10.03,NA,8.73,NA,80.06,NA,151.66,NA,8.81,NA,99,10,15,16,15,20,23,20,17,25,62,7
"90",90,91,"Not Applicable","ANONYMIZED","ANONYMIZED","ANONYMIZED","ANONYMIZED",1537,"ANONYMIZED","ANONYMIZED","ANONYMIZED",999,"ANONYMIZED","ANONYMIZED","ANONYMIZED","Germany","ANONYMIZED","ANONYMIZED","ANONYMIZED","ANONYMIZED",110,"ANONYMIZED",6,"de","ANONYMIZED","ANONYMIZED",NA,"A1",NA,1,2,2,3,3,2,2,3,3,4,2,2,2,2,4,4,4,3,3,3,2,3,3,3,4,2,3,4,4,4,4,4,4,4,3,4,4,4,3,3,4,4,4,4,2,3,4,5,3,1,4,4,2,3,NA,254.98,23.52,NA,NA,NA,NA,NA,45.48,NA,8.83,NA,53.48,NA,117.54,NA,6.13,NA,122,16,19,17,23,20,27,16,18,14,48,9
"91",91,92,"Not Applicable","ANONYMIZED","ANONYMIZED","ANONYMIZED","ANONYMIZED",1533,"ANONYMIZED","ANONYMIZED","ANONYMIZED",999,"ANONYMIZED","ANONYMIZED","ANONYMIZED","Germany","ANONYMIZED","ANONYMIZED","ANONYMIZED","ANONYMIZED",109,"ANONYMIZED",6,"de","ANONYMIZED","ANONYMIZED",NA,"A1",NA,2,3,3,3,3,2,1,3,2,3,3,2,2,3,3,3,3,3,2,2,2,2,2,2,3,2,1,4,3,4,4,2,3,4,3,4,2,3,3,3,2,4,4,2,2,2,1,1,2,1,2,2,3,2,NA,382.08,35.79,NA,NA,NA,NA,NA,19.83,NA,14.76,NA,102.33,NA,204.08,NA,5.29,NA,90,10,15,13,17,15,20,17,14,16,47,8
"92",92,93,"Not Applicable","ANONYMIZED","ANONYMIZED","ANONYMIZED","ANONYMIZED",3709,"ANONYMIZED","ANONYMIZED","ANONYMIZED",999,"ANONYMIZED","ANONYMIZED","ANONYMIZED","Germany","ANONYMIZED","ANONYMIZED","ANONYMIZED","ANONYMIZED",116,"ANONYMIZED",6,"de","ANONYMIZED","ANONYMIZED",NA,"A1",NA,3,4,4,5,4,5,3,2,4,2,5,3,5,5,3,2,3,4,3,2,2,2,3,2,3,2,2,3,4,4,3,2,2,5,2,2,2,2,4,3,3,2,4,2,2,1,3,4,1,2,3,3,4,2,NA,560.95,95.78,NA,NA,NA,NA,NA,18.97,NA,12.51,NA,168.02,NA,247.85,NA,17.82,NA,95,13,14,12,22,12,22,20,19,27,66,14
"93",93,94,"Not Applicable","ANONYMIZED","ANONYMIZED","ANONYMIZED","ANONYMIZED",2921,"ANONYMIZED","ANONYMIZED","ANONYMIZED",999,"ANONYMIZED","ANONYMIZED","ANONYMIZED","Germany","ANONYMIZED","ANONYMIZED","ANONYMIZED","ANONYMIZED",111,"ANONYMIZED",6,"de","ANONYMIZED","ANONYMIZED",NA,"A1",NA,4,4,4,3,4,2,1,1,1,1,4,3,1,3,1,2,4,3,3,4,2,3,3,4,4,4,2,3,2,1,1,1,1,1,3,1,1,2,1,2,1,4,2,2,2,1,2,1,1,1,1,4,1,1,NA,353.23,25.4,NA,NA,NA,NA,NA,8.58,NA,5.79,NA,76.67,NA,205.67,NA,31.12,NA,73,15,22,11,9,7,9,21,6,19,46,10
"94",94,95,"Not Applicable","ANONYMIZED","ANONYMIZED","ANONYMIZED","ANONYMIZED",2132,"ANONYMIZED","ANONYMIZED","ANONYMIZED",999,"ANONYMIZED","ANONYMIZED","ANONYMIZED","Germany","ANONYMIZED","ANONYMIZED","ANONYMIZED","ANONYMIZED",112,"ANONYMIZED",6,"de","ANONYMIZED","ANONYMIZED",NA,"A1",NA,1,2,2,2,1,1,2,1,2,2,1,1,3,2,2,1,2,1,3,4,2,4,4,4,4,4,3,4,3,3,3,2,2,3,4,4,3,3,2,4,2,4,1,4,2,1,1,2,2,2,2,5,3,1,NA,364.01,35.08,NA,NA,NA,NA,NA,4.51,NA,11.86,NA,112,NA,184.75,NA,15.81,NA,104,18,25,15,12,16,18,9,12,8,29,11
"95",95,96,"Not Applicable","ANONYMIZED","ANONYMIZED","ANONYMIZED","ANONYMIZED",1423,"ANONYMIZED","ANONYMIZED","ANONYMIZED",999,"ANONYMIZED","ANONYMIZED","ANONYMIZED","Germany","ANONYMIZED","ANONYMIZED","ANONYMIZED","ANONYMIZED",113,"ANONYMIZED",6,"de","ANONYMIZED","ANONYMIZED",NA,"A1",NA,1,2,1,2,2,1,1,1,1,1,2,1,1,1,1,2,2,2,2,2,1,1,1,2,2,2,1,2,2,1,3,1,3,4,2,4,2,4,3,2,3,4,3,3,3,2,3,3,3,2,4,2,3,3,NA,422.49,138.82,NA,NA,NA,NA,NA,8.71,NA,45.86,NA,64.99,NA,138,NA,26.11,NA,88,7,12,13,15,18,23,10,6,9,25,12
"96",96,97,"Not Applicable","ANONYMIZED","ANONYMIZED","ANONYMIZED","ANONYMIZED",2992,"ANONYMIZED","ANONYMIZED","ANONYMIZED",999,"ANONYMIZED","ANONYMIZED","ANONYMIZED","Germany","ANONYMIZED","ANONYMIZED","ANONYMIZED","ANONYMIZED",117,"ANONYMIZED",6,"de","ANONYMIZED","ANONYMIZED",NA,"A1",NA,2,2,2,3,1,1,1,1,1,2,1,1,1,2,3,2,2,1,2,3,2,3,2,3,3,1,1,3,2,1,2,1,1,1,2,3,1,2,2,2,1,4,1,2,2,1,2,2,1,2,2,2,2,2,NA,349.36,69.58,NA,NA,NA,NA,NA,4.78,NA,12.06,NA,89.89,NA,161.54,NA,11.51,NA,69,11,14,12,9,11,12,11,9,9,29,15
"97",97,98,"Not Applicable","ANONYMIZED","ANONYMIZED","ANONYMIZED","ANONYMIZED",4175,"ANONYMIZED","ANONYMIZED","ANONYMIZED",999,"ANONYMIZED","ANONYMIZED","ANONYMIZED","Germany","ANONYMIZED","ANONYMIZED","ANONYMIZED","ANONYMIZED",118,"ANONYMIZED",6,"de","ANONYMIZED","ANONYMIZED",NA,"A1",NA,2,2,2,3,4,3,2,3,3,4,3,2,2,3,4,3,2,2,2,2,2,2,2,2,2,2,2,3,2,2,2,2,2,2,3,3,2,3,2,3,3,3,2,3,2,2,3,2,2,2,3,3,3,2,NA,835.12,495.64,NA,NA,NA,NA,NA,4.07,NA,3.65,NA,164.59,NA,137.33,NA,29.84,NA,84,10,15,13,14,14,18,13,18,18,49,16
"98",98,99,"Not Applicable","ANONYMIZED","ANONYMIZED","ANONYMIZED","ANONYMIZED",32,"ANONYMIZED","ANONYMIZED","ANONYMIZED",999,"ANONYMIZED","ANONYMIZED","ANONYMIZED","Germany","ANONYMIZED","ANONYMIZED","ANONYMIZED","ANONYMIZED",115,"ANONYMIZED",6,"de","ANONYMIZED","ANONYMIZED",NA,"A1",NA,3,3,3,4,4,4,3,3,4,4,4,3,3,4,4,3,3,4,1,1,5,4,2,1,2,1,1,2,4,2,2,3,3,4,2,4,4,3,3,2,4,2,4,4,3,3,4,3,4,4,3,3,4,4,NA,190.57,9.14,NA,NA,NA,NA,NA,4.84,NA,14.57,NA,62.62,NA,95.56,NA,3.84,NA,105,10,10,21,21,16,27,19,21,23,63,13
"99",99,100,"Not Applicable","ANONYMIZED","ANONYMIZED","ANONYMIZED","ANONYMIZED",2037,"ANONYMIZED","ANONYMIZED","ANONYMIZED",999,"ANONYMIZED","ANONYMIZED","ANONYMIZED","Germany","ANONYMIZED","ANONYMIZED","ANONYMIZED","ANONYMIZED",159,"ANONYMIZED",5,"de","ANONYMIZED","ANONYMIZED",NA,"A1",NA,2,2,3,3,2,1,1,1,1,3,2,1,1,2,2,2,2,2,2,2,2,2,2,2,3,1,2,2,2,2,3,1,1,1,1,3,1,2,1,1,4,3,1,4,2,1,3,2,1,2,3,2,2,3,NA,335.97,21.83,NA,NA,NA,NA,NA,NA,NA,11.89,NA,100.74,NA,181.62,NA,19.89,NA,72,11,10,11,13,15,12,13,9,11,33,22
"100",100,101,"Not Applicable","ANONYMIZED","ANONYMIZED","ANONYMIZED","ANONYMIZED",6896,"ANONYMIZED","ANONYMIZED","ANONYMIZED",999,"ANONYMIZED","ANONYMIZED","ANONYMIZED","Germany","ANONYMIZED","ANONYMIZED","ANONYMIZED","ANONYMIZED",158,"ANONYMIZED",5,"de","ANONYMIZED","ANONYMIZED",NA,"A1",NA,3,5,5,4,2,2,4,4,4,4,2,2,3,2,5,4,3,4,3,3,5,3,2,3,3,4,4,1,4,4,4,4,5,5,5,4,5,4,4,4,4,5,3,4,3,2,3,5,4,3,4,4,3,5,NA,813.58,179.13,NA,NA,NA,NA,NA,NA,NA,17.26,NA,165.41,NA,436.92,NA,14.86,NA,135,15,20,25,22,20,33,24,24,14,62,21
